id,name,game_genre,movie_title,note
1,Ericha Mulvin,Comedy|Romance,Career Opportunities,3.5
2,Elwood Clowser,(no genres listed),Confessor Caressor,0.5
3,Roseline Elvin,Thriller,Consenting Adults,4.9
4,Man Eddisforth,Comedy,"Sitter, The",3.5
5,Jania Kingaby,Action|Adventure|Drama|Fantasy,Curse of the Ring (Ring of the Nibelungs),0.9
6,Arvy Judge,Drama,"Glenn Miller Story, The",3.3
7,Bettine Pennaman,Drama|Musical|Romance,As it is in Heaven (Så som i himmelen),0.1
8,Gretchen Whitehouse,Action|Drama|War,King David,1.1
9,Marabel Fahrenbacher,Animation,"Illusionist, The (L'illusionniste)",1.8
10,Emmet Allnutt,Drama,Cannery Row,4.1
11,Demetria Tommeo,Drama,Carless Love,1.7
12,Nichol Lankham,Comedy|Drama|Romance,"Apartment, The",0.0
13,Bourke Overstall,Action|Adventure|Crime|Thriller,Transporter 3,2.8
14,Clywd Haimes,Comedy|Romance,"One and Only, The (Eneste ene, Den)",0.4
15,Thorn O'Growgane,Drama,Wild Reeds (Les roseaux sauvages),4.1
16,Marijo Misken,Crime|Drama|Thriller,Brothers: The Return,0.9
17,Kevin Klaassens,Comedy|Musical,Circus,3.8
18,Davidde Blaxeland,Horror,"Exorcist III, The",1.6
19,Sammy Atyea,Comedy|Romance,Love Potion #9,3.7
20,Devan Molineux,Crime|Drama|Film-Noir,Crossroads,4.9
21,Dun Pothbury,Drama,"Children Are Watching Us, The (Bambini ci guardano, I)",4.3
22,Corrinne MacDaid,Western,"Last Hard Men, The",3.8
23,Corby Yanukhin,Drama,"Clown and the Kid, The",1.6
24,Orsa Bisco,Horror|Thriller,Torment,0.3
25,Vanni Bjorkan,Action|Adventure|Sci-Fi,Flash Gordon,2.8
26,Hendrik Huck,Drama|Horror|Thriller,12 Days of Terror,2.0
27,Falkner Sarjent,Drama|Romance,"Sex of Angels, The (El sexo de los ángeles)",3.7
28,Rutter Hartness,Drama|Mystery|Sci-Fi,Fire in the Sky,3.7
29,Laureen Dellar,Drama,"Story of Esther Costello, The",1.8
30,Coop Trime,Comedy,"I Love You, Man",3.4
31,Carmen Vella,Action|Thriller,Dante's Peak,1.6
32,Millard Gipp,Drama,"Group, The",2.0
33,Friedrich Bussetti,Comedy|Musical,Rock 'N' Roll High School,3.8
34,Ber Teaze,Crime|Drama|Mystery,"After Dark, My Sweet",4.6
35,Cherlyn Birrell,Action|Sci-Fi|Thriller|IMAX,V for Vendetta,3.4
36,Lizette Turton,Drama|War,"Flowers of War, The (Jin líng shí san chai)",2.6
37,Lenna Dahmke,Drama,Saint Jack,4.7
38,Kylie Clissold,Adventure|Comedy|Mystery|Romance,Joe Dirt,0.7
39,Matt Duke,Drama,Traffic Affairs (Mitfahrer),0.7
40,Cynthia Phippen,Drama,Frankie and Alice,1.7
41,Terese Whylie,Action,Lahore,0.7
42,Ruperto O'Hear,Comedy|Horror,Satan's Little Helper,1.6
43,Michelina Troni,Adventure|Romance|Western,40 Guns to Apache Pass,1.4
44,Larine Deville,Comedy|Drama,Unconditional Love,4.3
45,Nefen Crallan,Adventure|Children|Drama,Mighty Joe Young,0.5
46,Jarvis Jambrozek,Crime|Drama|Thriller,"Taking of Pelham 1 2 3, The",2.1
47,Marlane Neubigin,Drama,Ordinary People,1.4
48,Budd Whalebelly,Action|Adventure|Romance|Thriller,On Her Majesty's Secret Service,1.5
49,Rachele Netherwood,Drama|Fantasy,"Devil and Daniel Webster, The (All That Money Can Buy)",0.2
50,Elfie Petchell,Animation|Comedy,Werner - Gekotzt wird später,3.5
51,Berte Lauga,Crime|Film-Noir|Thriller,This Gun for Hire,0.5
52,Eward Guillon,Action|Comedy,Kopps,0.4
53,Dawn Luckcock,Documentary,Sunset Strip,1.0
54,Fredericka Burnes,Comedy|Drama,Cheerful Weather for the Wedding,0.8
55,Windham Klejin,Documentary,Chain Camera,2.5
56,Morna Macellar,Action|Adventure|War,Sharpe's Sword,0.8
57,Ludvig Roncelli,Comedy|Romance,"Auntie from Chicago, The (I theia apo to Chicago)",0.7
58,Peadar Cromblehome,Crime|Drama,"Dossier 51 (Dossier 51, Le)",2.7
59,Fleurette Scantlebury,Comedy,Tammy,2.7
60,Shannon Delouch,Animation|Children|Comedy,The Care Bears Adventure in Wonderland,1.5
61,Walt Ilden,Drama,Get on the Bus,2.4
62,Seana Wilden,Drama,"Cool, Dry Place, A",1.5
63,Dara Tammadge,Crime|Drama|Thriller,New York,3.4
64,Vivia Denisyev,Horror|Thriller,House of Wax,1.7
65,Brietta Akhurst,Drama,Boy Upside Down,1.1
66,Christie Swadlinge,Comedy|Drama,"Busher, The",4.5
67,Courtnay Copperwaite,Musical|Sci-Fi,"Apple, The",4.9
68,Bogart Harrap,Comedy|War,Me and the Colonel ,0.6
69,Debby Jakoviljevic,Comedy|Romance,Sex and the Single Girl,1.9
70,Isabelita Dulanty,Animation|Children|Comedy,Broom-Stick Bunny,2.9
71,Avivah Issit,Comedy|Romance,Double Wedding,4.2
72,Sibby Rappaport,Drama|Thriller,"Roommate, The",4.5
73,Vonny Jeffray,Animation|Drama|Fantasy,Idiots and Angels,3.6
74,Arney Eschelle,Adventure|Drama|War,Cabiria,0.4
75,Cordy Sinclaire,Drama|Mystery|Thriller,Julia and Julia (Giulia e Giulia),4.5
76,Roman Scading,Comedy|Musical,Pepe,1.6
77,Lorelle Fitter,Drama|War,Immortal Sergeant,4.6
78,Maggie Bielfeldt,Adventure,"Maidens' Conspiracy, The (Tirante el Blanco)",4.3
79,Martita Shearston,Horror,White Zombie,1.1
80,Maribeth Yakutin,Comedy|Drama|Romance,Dark Eyes (Oci ciornie),4.4
81,Ines Gooke,Documentary,"Most Hated Family in America, The",1.6
82,Stewart Theodoris,Action|Children,3 Ninjas Knuckle Up,3.7
83,Thaddus Meeny,Comedy,I Feel Sleepy,1.8
84,Janna Gotthard.sf,Drama,Men with Guns,1.7
85,Mar Sparrowhawk,Documentary,Six Days,1.0
86,Gertrud Fairweather,Comedy|Drama,Cashback,2.3
87,Maggee Becerro,Horror|Sci-Fi|Thriller,Deepstar Six,2.0
88,Tabor Marciskewski,Adventure|Drama|Fantasy|Musical|Romance,Lost Horizon,2.5
89,Drew Forsdicke,Mystery,My Gun is Quick,4.7
90,Noell Ishak,Adventure|Comedy,"Inbetweeners Movie, The",2.7
91,Madlin Trevorrow,Comedy|Western,Rooster Cogburn,0.4
92,Antonia Addess,Comedy|Fantasy|Romance,Penelope,4.4
93,Libbie Bouch,Documentary,Zeitgeist: Moving Forward,2.5
94,Winonah Rosenblath,Drama|Romance,Plain Dirty (a.k.a. Briar Patch),5.0
95,Brynne Whinney,Horror,"Beast with Five Fingers, The",2.5
96,Chere Yegorkov,Drama,Thirst (a.k.a. Three Strange Loves) (Törst),1.2
97,Zaneta McKeag,Action|Animation|Drama,Evangelion: 3.0 You Can (Not) Redo,0.1
98,Melba Snelson,Comedy|Romance,Crossing Delancey,0.8
99,Culver Barniss,Action|Drama,"Bonaerense, El",4.5
100,Norrie Wedderburn,Action|Adventure,Commando,0.3
101,Corine Vannozzii,Drama|Romance,Centre Stage: Turn It Up,0.9
102,Caro Brundell,Comedy|Crime|Thriller,Mad Money,0.6
103,Claire Sherar,Thriller,Games,3.6
104,Seline Pedroni,Comedy|Western,Destry Rides Again,3.0
105,Myriam Zannutti,Action|Drama,Lone Wolf and Cub: Baby Cart to Hades (Kozure Ôkami: Shinikazeni mukau ubaguruma),2.6
106,Arlan Heavy,Drama|Romance,"Dangerous Woman, A",2.0
107,Whitney Hawyes,Documentary,"Order of Myths, The",1.0
108,Luisa Duckworth,Sci-Fi,Parallels,3.9
109,Elmira McGown,Comedy|Romance,If You Only Knew,1.8
110,Antonina Armal,Comedy|Crime|Mystery|Thriller,Charlie Chan at Monte Carlo,2.2
111,Susette Stoyle,Comedy|Romance,"Party 2, The (Boum 2, La)",2.0
112,Courtney Plesing,Documentary,Battle for Brooklyn,0.5
113,Constantin Attreed,Drama,Alexandria... Why? (Iskanderija... lih?),4.7
114,Alexine Tschierasche,Action|Drama|Sci-Fi|Thriller,2012,2.0
115,Trudy Beentjes,Animation|Musical,American Pop,2.3
116,Darin Dampney,Action|Crime|Thriller,"Keeper, The",4.8
117,Bill Doers,Drama,Riptide,1.1
118,Madeleine Ilden,Sci-Fi,Ghost from the Machine (Phasma Ex Machina),2.2
119,Barbara-anne Redmayne,Comedy|Sci-Fi,Heartbeeps,1.6
120,Isak Regorz,Comedy|Fantasy,"Deux mondes, Les",0.7
121,Ronnie Cush,Action|Crime,Fudoh: The New Generation (Gokudô sengokushi: Fudô),4.0
122,Fernanda Kubyszek,Comedy|Drama|Romance,Morning Glory,2.0
123,Rhys Klessmann,Action|Comedy|Crime,"Man, The",2.5
124,Kati Hazelby,Action|Horror|Thriller,"Reeds, The",3.0
125,Shaylah Ingle,Comedy|Fantasy|Romance,Evenings on a Farm near Dikanka,1.9
126,Noreen Daintith,Western,"Tall T, The",3.9
127,Cherey Bucham,Crime|Drama,Tony Manero,1.5
128,Herc Hindge,Action|Drama,Last Hurrah for Chivalry (Hao xia),2.2
129,Katina Denial,Drama,Red Beard (Akahige),2.5
130,Orrin Palmer,Drama|War,Blood on the Sun,1.9
131,Diena Houseman,Sci-Fi,Starship Invasions,3.6
132,Nevile Khilkov,Drama|Romance,La Putain du roi,1.4
133,Rori Aindriu,Drama,"Story of Louis Pasteur, The",4.0
134,Candy Warfield,Drama,Coming Out,2.4
135,Bartolomeo Surman-Wells,Comedy|Horror,Ghoulies IV,2.8
136,Chiarra Schapiro,Action|Thriller,"Detonator, The",4.1
137,Hobie Buncom,Drama,Hearts and Minds,1.7
138,Eileen Garnham,Comedy,"Saphead, The",0.8
139,Abagail Dedden,Crime|Drama|Romance,"East Side, West Side",4.4
140,Annora Radolf,Drama,Osaka Elegy (Naniwa erejî),2.8
141,Valida Geale,Comedy,Body Fat Index of Love,3.1
142,Kynthia Dodridge,Drama,"Marine Story, A",2.3
143,Dorolice Hurll,Drama|Musical|Romance,Beauty and the Bastard (Tyttö sinä olet tähti),1.1
144,Thorstein Klausen,Drama,Fire,2.1
145,Hashim Christian,Drama,In the Winter Dark,2.3
146,Davin Bodesson,Comedy|Romance,Say It Isn't So,3.7
147,Janene Coper,Drama|Romance,"Shamrock Handicap, The",1.7
148,Lyda Hasser,Comedy|Drama|Romance,Bull Durham,4.6
149,Vito Richmond,Western,"Long Riders, The",1.0
150,Urban Yellowley,Comedy|Drama|Mystery|Romance,Penguin Pool Murder,0.7
151,Andee MacAnespie,Drama,"Sun Also Rises, The (Tai yang zhao chang sheng qi)",3.8
152,Tabitha Roggero,Action|Comedy|Drama|Romance,"...All the Marbles (California Dolls, The)",0.0
153,Keefe McAllister,Action|Comedy|Horror,Lesbian Vampire Killers,1.4
154,Kleon Airey,Crime|Drama,Officer Down,2.8
155,Danella Matresse,Drama,Norma Rae,0.7
156,Helena Budd,Drama,Levity,2.2
157,Rodge Pedley,Comedy,"Rock, Paper, Scissors: The Way of the Tosser",4.3
158,Guglielmo Quilliam,Comedy|Drama,"Other Side of Sunday, The (Søndagsengler)",0.4
159,Torre Gherardini,Comedy|Horror|Sci-Fi|Thriller,Jennifer's Body,5.0
160,Emmie Verey,Adventure|Comedy|Fantasy,Dogma,3.2
161,Hermy Rudledge,Mystery|Thriller,"Cat o' Nine Tails, The (Gatto a nove code, Il)",1.6
162,Torie McMurty,Drama,Howl,2.4
163,Cody Capon,Comedy,Den enskilde medborgaren,2.5
164,Keir Gerrard,Musical,"""Great Performances"" Cats",2.3
165,Humberto Pottiphar,Comedy|Crime,"Big Lebowski, The",2.7
166,Danita Ferns,Drama,To Encourage the Others,1.1
167,Ardelle Lamborne,Action|Thriller,Dead Awake,4.4
168,Dionisio Giuron,Drama,Eve's Bayou,0.2
169,Bastien Fontell,Horror|Thriller,247°F ,4.8
170,Giusto Ferretti,Drama,Youth of the Son,0.5
171,Zsa zsa Mizen,Comedy,Last Chance,0.6
172,Eudora McPhelimey,Action|Fantasy|Sci-Fi,Godzilla: Tokyo S.O.S. (Gojira tai Mosura tai Mekagojira: Tôkyô S.O.S.),1.5
173,Belia Torra,Drama|War,Hotel Rwanda,4.2
174,Flint Croix,Action|Thriller,Die Fighting,1.4
175,Cthrine Davidescu,Comedy,My New Gun,1.7
176,Brendon Humfrey,Documentary,"Education of Mohammad Hussein, The",4.2
177,Alli Gerhold,Comedy,Tiny Furniture,2.8
178,Link Waghorne,Documentary,Sunless (Sans Soleil),3.5
179,Karlyn Knewstubb,Drama,"Immortal Story, The (Histoire immortelle)",4.2
180,Frankie Kryska,Comedy,"Parasites, Les",2.4
181,Aubree Maingot,Horror|Thriller,Rings,3.2
182,Davin Rignold,Adventure|Drama|Western,"Man Called Horse, A",0.7
183,Ariela Unwin,Crime|Sci-Fi,Gold,4.1
184,Austen Luxon,Action|Animation,Batman: Under the Red Hood,2.6
185,Carlen Jaquin,Drama|Mystery|Romance,Love Letters,4.6
186,Mano Pettegre,Drama|Mystery|Thriller,Slow Burn,2.6
187,Johnna Bentsen,Animation|Children|Comedy,Garfield Gets Real,3.1
188,Madeleine Boman,Drama,SherryBaby,4.1
189,Evania Minthorpe,Comedy,"Uncle Marin, the Billionaire (Nea Marin miliardar) (Uncle Martin, the Multimillionaire)",1.0
190,Taite Fonte,Western,No Name on the Bullet,3.6
191,Richie Landeaux,Drama,"Christine Jorgensen Story, The",2.7
192,Sandro Snodin,Adventure|Children|Fantasy,"Chronicles of Narnia: The Lion, the Witch and the Wardrobe, The",1.9
193,Leontine Titchener,Drama,"Death in the Garden (Mort en ce jardin, La)",3.3
194,Natal Wellington,Crime|Drama|Film-Noir,"Las Vegas Story, The",1.4
195,Claudio Adderley,Action|Drama|Sci-Fi,Snowpiercer,1.0
196,Weber Lisamore,Comedy|Drama|Thriller,Two Days,1.5
197,Timofei Boakes,Action,Game of Death,4.4
198,Clarita Colliford,Comedy,The Harry Hill Movie,4.6
199,Selle Sola,Action|Adventure|Children|Comedy|Fantasy,George and the Dragon,2.7
200,Orsa Cuvley,Adventure|Comedy|Drama,Suicide Club,3.3
201,Jerri Lesor,Crime|Drama|Thriller,Revolver,0.8
202,Pace Passy,Adventure|Drama,Himalaya (Himalaya - l'enfance d'un chef),4.4
203,Beau Utteridge,Documentary|Musical,Passing Strange,0.5
204,Laverne Booy,Action|Adventure|Sci-Fi,Power/Rangers,3.4
205,Flem Hallawell,Adventure|Mystery|Sci-Fi,20th Century Boys - Chapter 1: Beginning of the End,1.7
206,Chiarra Adamik,Comedy|Crime|Drama,Thin Ice,1.1
207,Gerrard Portchmouth,Action|Comedy,The Interview,4.4
208,Wadsworth Kester,Documentary,"Story of Film: An Odyssey, The",3.6
209,Susanne O'Fallon,Crime|Drama|Mystery,A Fugitive from the Past,2.2
210,Shelagh Harold,Comedy,Peculiarities of the National Hunt (Osobennosti natsionalnoy okhoty) ,3.2
211,Anetta Risborough,Adventure|Horror|Romance|Sci-Fi,Island of Lost Souls,4.1
212,Ina Buller,Action|Adventure|Sci-Fi|Thriller,Jurassic Park III,1.8
213,Biddie Paynton,Drama,"Dresser, The",0.3
214,Orsa Burker,Comedy,Populaire,0.3
215,Brenden Jervis,Crime|Drama|Thriller,Texas Killing Fields,4.5
216,Clerc Kale,Animation|Documentary,Is the Man Who Is Tall Happy?,4.1
217,Byrom Clayhill,Drama,"Long Day Closes, The",1.5
218,Ruben Antonescu,Animation|Children|Comedy,"Charlie Brown Christmas, A",1.6
219,Katrinka Alldre,Documentary,"3 Rooms of Melancholia, The (Melancholian 3 huonetta)",1.2
220,Jerrilyn Killcross,Drama,Rhapsody in August (Hachi-gatsu no kyôshikyoku),0.8
221,Darin Tease,Action|Adventure|Sci-Fi|Thriller,Moonraker,1.0
222,Aldon Shenfisch,Comedy|Drama|Fantasy|Romance,Arizona Dream,2.1
223,Matthew Lamort,Comedy,Sugar Town,0.6
224,Casandra Bront,Action|Sci-Fi,Godzilla vs. Destroyah (Gojira vs. Desutoroiâ) ,3.3
225,Wendall Dursley,Comedy|Drama,Carnal Knowledge,3.8
226,Jeniece Bielfeldt,Comedy,"Bad News Bears in Breaking Training, The",3.8
227,Karlens Tippler,Crime|Mystery|Thriller,"Chamber of Death (Chambre des morts, La)",1.6
228,Kerrill Waye,Comedy,Chairman of the Board,0.5
229,Buddie Witcomb,Drama,Bitch Hug (Bitchkram),3.6
230,Giordano Bacop,Horror|Sci-Fi,From Beyond,0.4
231,Nara Hum,(no genres listed),Lad: A Dog,3.1
232,Corby Chisnell,Comedy|Horror,Abbott and Costello Meet Frankenstein,2.9
233,Shaine Reis,Comedy|Drama|Mystery,Zen Noir,3.9
234,Valli Cicchelli,Action|Fantasy|Horror,Dollman vs. Demonic Toys,1.5
235,Sara-ann Brashaw,Crime|Documentary|Drama,Redemption: The Stan Tookie Williams Story,4.8
236,Ambur Frostdicke,Comedy,Boys' Night Out,1.7
237,Marney Fairley,Drama,"Man in the Glass Booth, The",2.7
238,Juliann Silly,Drama|Sci-Fi,"Trans-Atlantic Tunnel (Tunnel, The)",2.7
239,Krista McCaskill,Drama,Pohjanmaa,4.9
240,Caty Berzons,Action|Romance,Streets of Fire,1.6
241,Hoebart Trew,Drama,Hungry Hill,3.5
242,Emilia Grenville,Action|Drama,"Paper Will Be Blue, The (Hîrtia va fi albastrã)",4.9
243,Maxine Archbold,Thriller,Sabotage,4.2
244,Priscella Hutchinges,Adventure|Drama|IMAX,Life of Pi,0.9
245,Romonda Olivari,Drama,Yes,1.0
246,Osgood Aps,Drama|Musical|Romance,Yentl,1.0
247,Neel Lawlings,Drama,Riding Alone for Thousands of Miles (Qian li zou dan qi),3.4
248,Jana McIlwreath,Drama,Bread and Roses,1.0
249,Renaud Waker,Drama,"Streetcar Named Desire, A",2.0
250,Cyrille Arr,Horror,"Prophecy II, The",0.9
251,Bartholomew Dabling,Drama,Is Anybody There?,1.0
252,Reagen Akam,Drama|Romance,Circle of Friends,1.2
253,Cordie Sire,Comedy|Drama,"Kids Are All Right, The",2.5
254,Cchaddie Fitzroy,Comedy|Drama|Fantasy|Mystery|Romance,PK,2.2
255,Alene Dayly,Animation|Children,The Year Without a Santa Claus,2.5
256,Abbey Pogson,Drama|Romance,Happy Together (a.k.a. Buenos Aires Affair) (Chun gwong cha sit),1.0
257,Quinn Bexley,Documentary,Shadow Boxers,1.6
258,Patsy Longlands,Drama|Romance,Things We Lost in the Fire,2.8
259,Darin Wannop,Comedy|Drama|Romance,This Christmas,0.2
260,Ethel Dosdale,Drama,Udaan,4.8
261,Charo Fairlem,Drama,What's Eating Gilbert Grape,1.3
262,Shoshanna Corey,Horror,Tales from the Crypt,0.3
263,Parry Swadden,Drama|Romance|Thriller,Original Sin,2.1
264,Amaleta Hammelberg,Documentary,"Jimmy Rosenberg: The Father, the Son & the Talent",0.3
265,Archaimbaud Elam,Action,Third World Cop,2.3
266,Dorise Quail,Drama,Shadrach,4.4
267,Marcos Eckersall,Drama,"Man in the Glass Booth, The",4.3
268,Alyss Donett,Musical|Romance,"Glass Slipper, The",4.4
269,Felipa Gotch,Drama|War,Adam Resurrected,2.3
270,Townie Emerson,Drama,Queen Bee,3.8
271,Krystal Mainston,Crime|Documentary,The Confessions of Bernhard Goetz,4.7
272,Lesley Munford,Drama|Thriller,I Can't Sleep (J'ai pas sommeil),4.4
273,Eli Davidovsky,Drama,Alive,2.0
274,Leontine Jellico,Horror,Devil Hunter (El caníbal),0.3
275,Louisa Aliberti,Comedy|Drama|Romance,"Thousand Clowns, A",3.1
276,Alleyn Audritt,Documentary,"Sunday Day in Hell, A (En forårsdag i Helvede)",3.7
277,Billie Keunemann,Comedy,Damned the Day I Met You,2.9
278,Bobbye Akram,Drama,Strapped,4.1
279,Aline Robbey,Action|Crime|Sci-Fi,District 13 (Banlieue 13),3.1
280,Georgeta Paunton,Drama|Horror|Thriller,"Innocents, The",2.1
281,Gerry Gulston,Comedy,Soft Toilet Seats,2.3
282,Webb Kingzett,Adventure|Fantasy,The Hobbit: The Battle of the Five Armies,4.3
283,Morris Farryann,Documentary,Loose Change 9/11: An American Coup,4.5
284,Ware Page,Drama,"Curse of the Cat People, The",2.9
285,Gunar Niblock,Action|Adventure|Comedy|Drama|Thriller,Unstoppable,2.1
286,Welch Folcarelli,Comedy|Fantasy,How to Get Ahead in Advertising,1.5
287,Margit Hutchason,Action|Comedy|Romance,Dragons Forever,1.6
288,Michel Joney,Drama,Chasing Mavericks,0.3
289,Idaline Carnier,Comedy,Ballermann 6,0.4
290,Cesaro Szwandt,Drama|Thriller,8th Wonderland,2.3
291,Quinton Wardley,Drama,"Brute, The (Bruto, El)",3.7
292,Quinlan Loveard,Crime|Drama|Mystery,Burn Notice: The Fall of Sam Axe,1.7
293,Almeria Beetles,Comedy|Drama|Romance,Next Stop Wonderland,4.2
294,Becca Fumagalli,Crime|Drama,"Stoning of Soraya M., The",1.9
295,Corbett Leppingwell,Thriller,"Odessa File, The",1.0
296,Eleanore Mateos,Comedy,"Trouble with Dee Dee, The",4.2
297,Nerissa Andrewartha,Drama,300 Miles to Heaven (300 Mil do Nieba),3.6
298,Carmel Lamble,Crime|Drama,"Man Who Wasn't There, The",0.5
299,Karl Warnock,Animation|Children|Comedy,Winnie the Pooh,3.6
300,Pearl Halmkin,Comedy,An Evening with Robin Williams,4.1
301,Edward Sizzey,Action|Comedy,Number One with a Bullet,1.7
302,Wynny Dimelow,Action|Crime|Drama,Faster,4.2
303,Josie Peachman,Comedy|Horror|Mystery|Thriller,Dead End,1.3
304,Berke Abele,Action|Comedy|Crime|Thriller,Ocean's Twelve,2.4
305,Agatha Wards,Drama,"Power of Kangwon Province, The (Kangwon-do ui him)",2.4
306,Josiah de Clerk,Comedy|Drama,"Lifeguard, The",3.5
307,Blaine Eseler,Action|Fantasy|Horror|Thriller,Underworld: Rise of the Lycans,2.0
308,Cassandre De Bischop,Comedy|Romance,Bart Got a Room,4.4
309,Frazier Goldstraw,Adventure,Jungle Man-Eaters,2.4
310,Carolynn Shawdforth,Drama|Romance,Games of Love and Chance (L'esquive),3.3
311,Brendin Funnell,Animation|Drama|Sci-Fi|War,Wings of Honneamise (Ôritsu uchûgun Oneamisu no tsubasa),2.1
312,Guthry Murricanes,Documentary,Enola Gay and the Atomic Bombing of Japan,0.9
313,Shauna Barajaz,Action|Mystery|Thriller,Non-Stop,3.5
314,Alie Caddick,Comedy|Documentary|Romance,My Date with Drew,1.3
315,Derrek Bartot,Comedy|Drama|Romance,"Good Marriage, A (Beau mariage, Le)",2.3
316,Guillermo Olivetti,Comedy|Drama|Romance,Age of Consent,3.4
317,Thomasine Tillett,Comedy|Drama,O'Horten,1.4
318,Carolus Costen,Comedy|Drama|Romance,Fools Rush In,1.2
319,Carol-jean Founds,Drama,"Brute, The (Bruto, El)",3.7
320,Dido Illiston,Comedy|Drama,Three Wise Fools,0.4
321,Bartlet De Morena,Documentary,For the Love of Movies,1.9
322,Alyosha Van Der Weedenburg,Romance|Western,Blue,4.6
323,Dawna Consadine,Comedy|Documentary,Heckler,3.7
324,Durant Imlin,Comedy|Drama,Salut cousin!,3.9
325,Chrysa Haddington,Musical,Breakin' 2: Electric Boogaloo,4.8
326,Thorn O'Fairy,Comedy|Musical|Romance,Aaja Nachle,2.5
327,Jorie Marnes,Comedy|Drama,"Story of Us, The",2.7
328,Muire Jorge,Crime|Drama,Crash,3.1
329,Corrianne Novkovic,Animation|Children|Comedy|Musical|Western,Home on the Range,3.4
330,Horacio Falconer,Comedy,"Knack ...and How to Get It, The",0.4
331,Vito Rowberry,Comedy,Three Ages,2.1
332,Carlita Ringham,Action|Drama|Thriller,Bullies,1.3
333,Godfrey Redon,Comedy|Drama|Musical|Romance,"Other Side of the Bed, The (Otro lado de la cama, El)",2.3
334,Dewain Woodrough,Comedy|Drama,Crossing the Bridge,3.5
335,Hildagarde Kovalski,Drama|Romance,Breakfast at Tiffany's,0.9
336,Becki Tattersdill,Comedy,Barefoot in the Park,1.6
337,Ardelia Jurkowski,Drama,Tales of Ordinary Madness (Storie di Ordinaria Follia),1.1
338,Bobbie Espy,Drama|Fantasy,"Fast Runner, The (Atanarjuat)",1.4
339,Ulric Ungaretti,Action|Comedy,Flashback,1.6
340,Mildred Ayre,Action|Adventure|Crime|Thriller,"Warriors, The",3.0
341,Geoffry Deddum,Action|Children|Fantasy|Musical,The Nutcracker in 3D,4.5
342,Wittie Cissell,Comedy|Drama,Coffee and Cigarettes,0.2
343,Flore Durkin,Crime|Drama|Thriller,Citizen X,2.0
344,Merrill Davitashvili,Drama|Romance,"Big Street, The",0.9
345,Delainey Lavery,Documentary,My Best Fiend (Mein liebster Feind),3.8
346,Latia Trusler,Documentary,Thieves by Law (Ganavim Ba Hok),2.8
347,Amye Lydster,Musical|Romance,Broadway Melody of 1936,3.9
348,Jorie Thorbon,Comedy,Ouch (Aïe),1.0
349,Mordy D' Angelo,Crime|Thriller,Anamorph,4.9
350,Modesty Garret,Comedy|Romance,Soup to Nuts,0.7
351,Sandor Sinney,Action|Comedy|Sci-Fi,Superhero Movie,3.8
352,Orton Waything,Adventure,White Fang (Zanna Bianca),0.0
353,Yolande Chinge de Hals,Thriller,Dead Calm,2.3
354,Tonie Gauche,Comedy|Drama,Afternoon Delight,4.0
355,Wendy Merman,Drama|Thriller,Shotgun Stories,3.5
356,Jonie Schout,Comedy,Mean Girls,1.0
357,Trixy Collihole,Drama,"Secret Agent, The",1.2
358,Manolo Gold,Horror|Thriller,"Sacrament, The",3.2
359,Maude Bouchard,Crime|Mystery|Thriller,Nine Dead,1.2
360,Dillie Jowett,Drama,Midnight's Children,3.3
361,Mattheus Lacroix,Action|Thriller,"Package, The",2.5
362,Nowell Woolvin,Mystery,Diamonds,0.5
363,Robin Leil,War,"Wipers Times, The",2.0
364,Edin Fesby,Comedy,Hot Dog... The Movie,2.7
365,Mina Riordan,Comedy|Drama,The Bronze,1.8
366,Fawnia Luckham,Crime|Drama,In Cold Blood,4.8
367,Lorrie Lowry,Comedy|Crime,Turner & Hooch,2.1
368,Currie Perfitt,(no genres listed),The Last of the Finest,4.3
369,Patricia Brea,Drama,"Secret Agent, The",3.9
370,Giraud Swann,Drama|Fantasy|Horror|Mystery|Thriller,Gemini (Sôseiji),4.8
371,Kennan Heathorn,Thriller,Hush,0.0
372,Wesley Routh,Action|Crime|Drama|Thriller,The Seven-Ups,0.9
373,Elwood Doxey,Documentary,All Watched Over by Machines of Loving Grace,2.5
374,Preston Antonov,Animation|Children,Teacher's Pet,0.6
375,Marsiella Rolf,Drama,Old Joy,1.5
376,Dotty Brook,Comedy,"Rocket from Calabuch, The (Calabuch)",0.1
377,Daniella Darell,Action|Adventure|Drama,"Emerald Forest, The",4.2
378,Prescott Buttrick,Animation|Musical,Peter & the Wolf,1.8
379,Courtnay Stark,Adventure|Comedy|Musical|Romance|Western,Lemonade Joe (Limonádový Joe aneb Konská opera),4.5
380,Grannie Attwater,Comedy|Drama,Blue Juice,4.4
381,Margret Stammers,Comedy|Drama|Romance,Shanghai Calling,1.8
382,Abbey Stoade,Action|Adventure,Flight of the Phoenix,3.5
383,Tabby Strelitzer,Drama|Romance,"Big Street, The",4.7
384,Dareen Djurevic,Documentary,Who the Hell Is Juliette? (¿Quién diablos es Juliette?),4.4
385,Jessalyn Tredgold,Comedy|Horror|Sci-Fi|Thriller,Sand Sharks,0.1
386,Rheba Dorrington,Drama,"Scarlet Letter, The",3.9
387,Derick Matteuzzi,Action|Horror,Shark Attack,2.0
388,Aretha Ditzel,Comedy,All That... for This?!,2.9
389,Karim Ulyet,Action|War,Missing in Action,4.1
390,Myriam Kleinplatz,Horror|Sci-Fi,Invaders from Mars,2.9
391,Enid Grent,Comedy|Crime,Nine Dead Gay Guys,0.6
392,Linoel Batchley,Comedy|Crime|Drama,"Man Without a Past, The (Mies vailla menneisyyttä)",1.9
393,Nickolas Scates,Comedy|Western,"Frisco Kid, The",2.4
394,Dorella Climance,Drama|Sci-Fi,Harrison Bergeron,3.2
395,Lester Lavarack,Animation,"Blue Umbrella, The",4.8
396,Ajay Soigne,Action|Drama,Dragon (Wu Xia),1.6
397,Candra Gillan,Adventure|Animation|Children|Drama,Up,0.8
398,Raine Cully,Documentary,Conan O'Brien Can't Stop,3.5
399,Stephine Murtell,Comedy|Drama,Unconditional Love,4.4
400,Zacharias Simeoni,Drama,And While We Were Here,0.7
401,Annalee Ellick,Drama|Thriller,Hellion,4.8
402,Bar Lammers,Children|Drama,"Christmas Memory, A (Truman Capote's 'A Christmas Memory')",4.8
403,Lilli Seldon,Horror,"Dead Pit, The",1.3
404,Adoree Gavahan,Comedy|Musical|Western,Red Garters,3.7
405,Tildi Garm,Animation|Comedy,Werner - Das muss kesseln!!!,2.4
406,Quinn Eam,Action|Drama,Death Wish 2,1.0
407,Bertie Cloney,Crime|Drama|Thriller,Taking Lives,1.8
408,Suzie Ditchburn,Crime|Drama|Film-Noir|Romance,Johnny Eager,3.2
409,Fraze Nunes Nabarro,Documentary,"I Am My Films - A Portrait of Werner Herzog (Was ich bin, sind meine Filme)",3.2
410,Belita Franciskiewicz,Action|Comedy|Sci-Fi,Ghostbusters (a.k.a. Ghost Busters),4.9
411,Griff Lythgoe,Comedy,EDtv,0.6
412,Annabel Cobbe,Drama,Einstein and Eddington,4.4
413,Parry Darville,Adventure|Children,Spy Kids 2: The Island of Lost Dreams,1.6
414,Storm Gosselin,Comedy|Drama,Carmina and Amen (Carmina y amén),5.0
415,Demetrius Nutkin,Drama,Red Beard (Akahige),3.8
416,Ebony Tallman,Documentary,Connections,1.0
417,Alfonso Rayhill,Drama|Film-Noir|Romance,"Woman on the Beach, The",1.0
418,Luce Dumingo,Comedy|Crime|Mystery|Thriller,Shadows Over Chinatown,3.2
419,Parsifal Halton,Crime|Documentary,Street Thief,4.2
420,Rosalinda Wodham,Drama,West Beirut (West Beyrouth),1.5
421,Kacie Burger,Action|Adventure|Children,Spy Kids 3-D: Game Over,3.8
422,Trish Waldren,Documentary,"Atomic States of America, The",2.0
423,Linda Sissland,Comedy,"Loved One, The",4.4
424,Izak Windeatt,Action|Adventure|Romance,"Adventures of Hajji Baba, The",3.6
425,Min Crichmer,Crime|Mystery,"Adventures of Arsène Lupin, The (Aventures d'Arsène Lupin, Les)",1.0
426,Lizette Redding,Action|Adventure|Fantasy,Street Fighter,2.8
427,Jo Tustin,Drama,"Beekeeper, The (O melissokomos)",4.4
428,Cassie Kerkham,Drama,Stopped on Track,1.1
429,Urban Regis,Drama|Romance,Moonlight Mile,0.5
430,Findlay Band,Drama,"Slender Thread, The",1.6
431,Gaylord Crumpton,Action|Drama,Zatoichi the Outlaw (Zatôichi rôyaburi) (Zatôichi 16),2.5
432,Everard Hazleton,Drama,"Girl on the Train, The (La fille du RER)",1.1
433,Lucretia Dallywater,Children|Comedy|Romance,"Golden Christmas, A",3.8
434,Melba Bazylets,Crime|Drama,"Chance of a Lifetime, The",4.8
435,Zeke Phare,Sci-Fi|Thriller,Time After Time,2.8
436,Vivien Cann,Action|Crime|Thriller,Stunt Squad,0.8
437,Laurence Tanslie,Action|Crime|Drama,Breaking News (Daai si gin),1.0
438,Mame Jiles,Documentary|War,Winter Soldier,4.5
439,Bendicty Surplice,Comedy,True Love,3.9
440,Larisa Densham,Musical,Broadway Melody of 1940,3.3
441,Miranda Elesander,Drama|Thriller,Mean Creek,2.0
442,Humberto Goolden,Comedy|Crime|Drama,Middle Men,3.6
443,Bendix Jacke,Action|Adventure|Sci-Fi|IMAX,Oblivion,2.1
444,Mitchel Gerrens,Mystery|Thriller,Mirage,3.2
445,Barnett Woollard,Comedy|Sci-Fi|Thriller,Phase 7,1.7
446,Davon Windle,Comedy|Musical|Romance,"Young Girls of Rochefort, The (Demoiselles de Rochefort, Les)",4.5
447,Elsworth Meek,Comedy|Horror,Monster in the Closet,2.5
448,Lanae Stallworth,Crime|Drama,Saving God,1.4
449,Gerta Hanks,Action|Drama|Thriller,Logan's War: Bound by Honor,1.3
450,Florian Martin,Drama|Film-Noir,Moontide,3.6
451,Tomas O'Concannon,Comedy|Drama,"First Beautiful Thing, The (La prima cosa bella)",3.6
452,Amelie Febvre,Comedy|Western,Rancho Deluxe,5.0
453,Zorine Duckerin,Drama,Pure,0.7
454,Silva Bauer,Documentary|Romance,Steal a Pencil for Me,2.5
455,Alana Woollam,Documentary|Horror|Thriller,Curse of the Blair Witch,2.4
456,Fitzgerald Loxton,Comedy|Crime,"Ladykillers, The",2.6
457,Germayne Reap,Drama|Horror|Thriller,12 Days of Terror,0.3
458,Hewet Siebert,Action|Adventure|Crime|Thriller,Executive Target,0.1
459,Nona Dobson,Drama,Vesna va veloce,3.6
460,Burk Noirel,Action|Crime|Drama|Thriller,Raid,2.5
461,George Lording,Horror,Nightwing,0.4
462,Jesse Carberry,Action|Drama|War,Red Dawn,0.7
463,Sherlocke Shirer,Comedy|Drama,Love & Human Remains,4.1
464,Raphael Bonney,Documentary,"Married Couple, A",4.8
465,Brok Raynham,Drama,Cochochi,4.8
466,Dollie Hockell,Documentary,Style Wars,1.6
467,Cully McArt,Drama,Big Eyes,3.3
468,Pansy Measor,Drama|Romance,"Lovers of the Arctic Circle, The (Los Amantes del Círculo Polar)",0.3
469,Aldwin Muff,Comedy|Crime|Drama,I Always Wanted to Be a Gangster (J'ai toujours rêvé d'être un gangster),4.8
470,Blanch Cranson,Comedy|Crime|Drama,Amnèsia,0.6
471,Jere Tutton,Action|Fantasy|Sci-Fi,Outlaw of Gor,3.5
472,Jordanna Marguerite,Drama|Thriller,Park Row,4.8
473,Vinnie Petraitis,Drama|Musical,Privilege,4.8
474,Brittne Slarke,Documentary,Comic Book Confidential,2.9
475,Denis Chipps,Comedy,Mr. Freedom,3.9
476,Mariellen Gregg,Drama|Horror,Wendigo,0.8
477,Emanuel Paulo,Comedy|Drama,Dear Diary (Caro Diario),2.6
478,Teriann Eliff,Crime|Drama|Mystery|Thriller,Sapphire,4.6
479,Jillian Lindell,Drama|Musical|Romance,Beloved (Les bien-aimées),4.4
480,Celia Killbey,Horror|Mystery|Thriller,Texas Chainsaw 3D,1.5
481,Gratia Dignam,Comedy|Drama,Swimming with Sharks,0.2
482,Gian Golsworthy,Comedy,"Innocent Affair, An (Don't Trust Your Husband) (Under Suspicion)",2.3
483,Merline Ecclestone,Comedy|Documentary,Blue Collar Comedy Tour: The Movie,1.7
484,Camila Leftwich,Drama|Romance,Leaving (Partir),1.3
485,Archer Kennedy,Drama,"Beautiful Life, A",1.3
486,Elvis De L'Isle,Comedy|Drama,Good Luck. And Take Care of Each Other,1.2
487,Jamie Pulfer,Drama|Romance,Great Expectations,2.9
488,Tripp Gutowski,Action|Adventure|Drama|Mystery|Thriller,"Bourne Identity, The",2.2
489,Matilde Manilow,Adventure|Comedy|Fantasy,Hui Buh: The Castle Ghost,2.8
490,Zared Tooley,Drama,Parkland,4.6
491,Brandyn Hubberstey,Drama,Golden Boy,2.4
492,Weider Allsepp,Drama,"Marriage of Maria Braun, The (Ehe der Maria Braun, Die)",0.1
493,Petunia McPhelimey,Drama,Other Girls,1.8
494,Cornelius Cardenoza,Comedy|Drama,Indian Summer,2.5
495,Rubie Vasilik,Comedy|Drama,Crimes of the Heart,4.2
496,Mignon Wyett,Drama,Cremaster 2,4.5
497,Jilli Janes,Comedy|Western,My Little Chickadee,2.3
498,Tedi Kevlin,Crime|Drama|Thriller,The Gambler,2.3
499,Dwain Giacobelli,Drama|Horror|Sci-Fi,Wild in the Streets,2.9
500,Clem McRavey,Drama,Take the Lead,4.4
501,Eziechiele Birkett,Action|Adventure|Drama|Thriller|War,Age of Heroes,2.8
502,Caril Temblett,Sci-Fi,Babylon 5: The Legend of the Rangers: To Live and Die in Starlight,1.3
503,Honoria McIlenna,Action|Adventure|Comedy|Sci-Fi|Thriller,Who Am I? (Wo shi shei),2.3
504,Adrienne Stubbe,Horror|Mystery|Thriller,"Dead Outside, The",2.1
505,Reginald Abrahami,Drama|Romance|War,Carla's Song,2.8
506,Spencer Presnail,Action|Adventure|Thriller,Mission: Impossible III,1.0
507,Kelley Borgars,Fantasy|Western,"Topo, El",0.4
508,Chantalle Ferraraccio,Crime|Drama|Horror|Thriller,Excision,1.3
509,Melisandra Gabbetis,Crime|Drama,Tycoon (Oligarkh),1.0
510,Charyl MacGeffen,Drama,Panther,4.7
511,Tobi Josipovitz,Action|Mystery|Thriller,When Strangers Appear,0.2
512,Corabel Sizey,Comedy|Romance,At Middleton,4.2
513,Zsa zsa Plastow,Drama,Two Bits,3.7
514,Evin Doswell,Comedy|Drama,"My Mother's Castle (Château de ma mère, Le)",3.3
515,Saloma Hadingham,Documentary,Synthetic Pleasures,1.3
516,Mair Paling,Action|Crime|Drama|Thriller,"Memory of a Killer, The (Zaak Alzheimer, De)",4.0
517,Travis Dunnett,Crime|Drama,Het Vonnis,1.2
518,Gorden Feechan,Thriller,"Fourth Protocol, The",3.0
519,Dorothea Clears,Comedy|Western,"Cheyenne Social Club, The",5.0
520,Rhiamon Van de Castele,Comedy|Documentary,American: The Bill Hicks Story,1.3
521,Emmi Kingwell,Documentary,Global Metal,4.5
522,Jayson Sygroves,Horror|Mystery|Thriller,Bestseller (Be-seu-teu-sel-leo),3.5
523,Mort Joseff,Comedy|Musical|Romance,Two Girls and a Sailor,3.3
524,Eal Tubbles,Comedy,Three Men and a Cradle (3 hommes et un couffin),2.6
525,Rica Auden,Action|Sci-Fi|Thriller,Red Planet,4.0
526,Jareb Deakes,Comedy|Horror,"Danger! 50,000 Zombies",0.7
527,Ellis Lightwood,Drama,City of Joy,4.8
528,Elbertine Dary,Comedy|Sci-Fi,Who Wants to Kill Jessie? (Kdo chce zabít Jessii?),2.5
529,Archibold Bagnall,Action|Romance|Thriller,Year of the Gun,4.2
530,Tremayne Whitehurst,Action|Adventure|Crime|Thriller,Hobo with a Shotgun,2.9
531,Carlo Stops,Action|Crime|Mystery|Thriller,XIII: The Conspiracy,4.9
532,Reina Summerbell,Comedy,"Longest Yard, The",1.4
533,Ferdie Attenbrow,Adventure,"Plumm Summer, A",1.6
534,Guntar Pratley,Drama,"Four Times, The (Le Quattro Volte)",4.8
535,Enriqueta Klimashevich,Comedy,"Triumph of Love, The",2.7
536,Clemmie Kubatsch,Comedy|Romance,Second Honeymoon,3.1
537,Karlotte Cranstone,Comedy|Drama,West Is West,4.6
538,Loella Ludovici,Comedy|Romance,It's Complicated,4.8
539,Evelin Boyson,Comedy,Kingdom Come,4.3
540,Bess Swainger,Comedy|Drama|Mystery|Romance,"Daytrippers, The",0.2
541,Orsola Delacour,Drama,Birdman of Alcatraz,3.8
542,Augustine Loughlan,Documentary,Double Play: James Benning and Richard Linklater,1.4
543,Dorothy Markel,Action|Crime|Drama,Dillinger,1.9
544,Brandice Duplain,Drama,"Swades: We, the People (Our Country)",0.8
545,Kailey Baldi,Drama,Marfa Girl,2.2
546,Caren Lambin,Action|Fantasy|Sci-Fi,Marvel One-Shot: Item 47,4.0
547,Raymond Simonaitis,Drama|Romance|Thriller|War,Glorious 39,4.6
548,Sax Marshall,Documentary,"Vernon, Florida",2.7
549,Wandie Ternott,Documentary,One Lucky Elephant,3.4
550,Salli Fiddeman,Fantasy|Horror,Vampire Journals,3.0
551,Reuben Thorsby,Comedy|Drama,"First Beautiful Thing, The (La prima cosa bella)",1.9
552,Josy Bendell,Comedy|Fantasy,"Canterville Ghost, The",0.9
553,Hendrika Hartburn,Crime|Drama,Four Ways Out,1.0
554,Jackie Podmore,Horror,Howling IV: The Original Nightmare,2.1
555,Wit Tonnesen,Documentary,"John Garfield Story, The",2.2
556,Curtis Robken,Comedy|Drama|Fantasy|Romance,Bruce Almighty,0.4
557,Cher Vauter,Comedy,How to Stuff a Wild Bikini,2.9
558,Cecile Vauls,Comedy,"Big Bang Theory, The (2007-)",4.7
559,Fee Millington,Comedy|Drama|Fantasy|Romance,TiMER,2.1
560,Annecorinne Trasler,Drama,The Seventh Sin,4.4
561,Marlo Mawtus,Adventure|Animation|Children|Comedy,"Pirates Who Don't Do Anything: A VeggieTales Movie, The",2.6
562,Cobb Lillyman,Horror|Thriller,The Expelled,4.8
563,Miquela Hedylstone,Crime|Drama|Mystery,"After Dark, My Sweet",2.4
564,Crista Narup,Comedy,Ladybugs,1.5
565,Calypso MacHostie,Horror|Sci-Fi,Virus X,1.8
566,Lana Cowherd,Documentary,Fire in Castilla (Tactilvision from the Moor of the Fright),2.2
567,Laura Follit,Mystery|Thriller,The Bloodstained Butterfly,1.4
568,Nappie Giovanetti,Action|Adventure,Lone Wolf and Cub: Baby Cart at the River Styx (Kozure Ôkami: Sanzu no kawa no ubaguruma),4.1
569,Sidoney Bixley,Comedy|Drama,Sixty Six,3.1
570,Rodolphe Till,Horror|Sci-Fi,Time Walker (a.k.a. Being From Another Planet),0.8
571,Elsbeth MacRedmond,Comedy|Drama|Fantasy,Morgan!,2.2
572,Vita Drayton,Drama,Lies (Gojitmal),0.6
573,Pietrek Pentlow,Drama,Time to Leave,2.9
574,Cora Stocker,Drama,Blind Chance (Przypadek),3.5
575,Jacynth Scrivenor,Crime|Drama,Scarface,0.4
576,Lay Noonan,Drama,"Standing Aside, Watching",0.8
577,Marlowe Storre,Horror|Thriller,"Haunting at Silver Falls, A",0.1
578,Laurene Phythien,Comedy|Romance,Relationship Status: It's Complicated,1.8
579,Nerissa Fendlen,Drama|War,Outskirts (Okraina),0.8
580,Lorain Bassick,Documentary,"Hand of Peace: Pope Pius XII and the Holocaust, A",1.1
581,Debra Gadesby,Action|Comedy,"Young Master, The (Shi di chu ma)",2.9
582,Nikolaos Schwerin,Comedy,Safe Men,4.8
583,Correy Dreus,Comedy|Drama|Fantasy|Romance,P.S.,0.4
584,Jae Choffin,Horror,"Strange Door, The",1.7
585,Yelena Clayal,Horror,Son of Frankenstein,0.8
586,Purcell Buckhurst,Comedy|Drama,Girl in Progress,4.9
587,Morly Teather,Drama,Mother of Mine (Äideistä parhain),2.1
588,Ashbey Skelhorn,Drama|Romance,Big Eden,0.2
589,Jody Udie,Crime|Drama,Out of the Blue (Aramoana),4.3
590,Leelah Tacey,Western,Heaven's Gate,1.5
591,Gilles McPhail,Crime|Drama|Thriller,The Gambler,4.3
592,Arlee Laboune,Action|Drama,"Grey, The",2.3
593,Tremayne MacCoughen,Crime|Mystery|Thriller,Frantic,3.7
594,Martin McGilben,Horror|Thriller,Nurse 3D,0.6
595,Tanny Ivison,Documentary,"Dog, The",0.5
596,Selinda Surguine,Comedy|Fantasy,Ghost Dad,0.6
597,Letizia Eliyahu,Comedy|Romance,Lucky 7,2.9
598,Dasie Armer,Crime|Drama|Mystery|Thriller,"Badge, The",4.4
599,Verney Matheson,Comedy|Drama,Breaking the Rules,1.6
600,Cello Liddell,Documentary,Welfare,3.5
601,Car Chellenham,Drama|Sci-Fi,Solyaris,4.4
602,Teodorico Assiter,Action|Adventure|Sci-Fi|IMAX,"Hunger Games: Catching Fire, The",2.6
603,Locke Pretswell,Horror|Thriller,Seconds Apart ,4.5
604,Dora Locks,Romance|Western,"Claim, The",3.3
605,Marga Delgado,Documentary,"Aral, Fishing in an Invisible Sea",1.2
606,Bev MacGoun,Drama|Horror|Mystery,"Living and the Dead, The",2.9
607,Mada Croutear,Comedy|Drama|Romance,"Amazing Adventure, The (a.k.a. The Amazing Quest of Ernest Bliss)",1.8
608,Caty Caghy,Film-Noir,Railroaded!,2.3
609,Maddalena Khotler,Comedy|Drama|Romance,Knocked Up,0.3
610,Stavros Ancliffe,Action|Adventure|Drama|Romance|Western,Centennial,1.7
611,Jody Verey,Comedy|Drama|Romance,"Love and Anarchy (Film d'amore e d'anarchia, ovvero 'stamattina alle 10 in via dei Fiori nella nota casa di tolleranza...')",3.6
612,Julio Wetherick,(no genres listed),Trust Me,2.3
613,Noelyn Cocks,Drama|Romance,"Wet Parade, The",3.7
614,Muriel Greatrakes,Action|Comedy|Horror|Musical,Jesus Christ Vampire Hunter,0.7
615,Stillmann Dunbavin,Comedy,Heaven Can Wait,0.1
616,Berky Giblin,Animation|Fantasy,Fire and Ice,1.5
617,Fernande Ferminger,Action|Thriller,"Hitcher, The",1.7
618,Nickolaus Temple,Drama|Romance,All That Heaven Allows,2.9
619,Melicent Haydney,Crime|Thriller,Good Neighbours (a.k.a. Good Neighbors),3.5
620,Donica Pranger,Comedy|Musical|Romance,Let's Make Love,4.1
621,Hoyt Gertz,Horror,Bones,4.8
622,Lea Lanphere,Action|Comedy|Crime,Avenging Angelo,0.4
623,Diahann Piotrowski,Horror,Howling II: Your Sister Is a Werewolf,0.7
624,Albie Wetherell,Action|Crime|Drama|Thriller,Lady Snowblood (Shurayukihime),2.0
625,Wolfgang Standish-Brooks,Crime|Drama,Escape from Dartmoor,2.5
626,Eddie Tebb,Drama|Thriller,Leave,1.6
627,Inger Lindenblatt,Action|Thriller,Chappie,0.4
628,Cherin O'Dulchonta,Drama,Choices,1.0
629,Seamus Stithe,Comedy,I Shot a Man in Vegas,4.6
630,Cody Aneley,Drama,"Forbidden Christ, The (Cristo proibito, Il)",3.3
631,Brendis Wedgbrow,Comedy,Bio-Dome,4.7
632,Hoebart Mower,Children|Drama,My Dog Skip,3.2
633,Jenilee Legonidec,Documentary|War,"Battle of Britain, The (Why We Fight, 4)",3.3
634,Markos Boswood,Comedy|Romance,Sophie's Revenge (Fei chang wan mei),2.0
635,Birgitta Oherlihy,Drama,Mary and Martha,1.2
636,Charmain Keling,Action|Adventure|Sci-Fi|Thriller,Moonraker,4.5
637,Annice Legat,Documentary,Beauty Is Embarrassing,1.0
638,Tedda Gerritsma,Drama|Romance|War,Love Is a Many-Splendored Thing,2.9
639,Konstance Barhem,Comedy|Drama|Musical,Gypsy,2.7
640,Shirley McCrum,Action|Crime|Drama,"Koruto wa ore no pasupooto (Colt Is My Passport, A)",0.7
641,Minerva Dibdall,Drama,Mad Love (Juana la Loca),0.2
642,Gordy Calvey,Action|Crime|Drama|Thriller,To Live and Die in L.A.,4.1
643,Homere Poate,Drama|Musical,"Traviata, La",2.2
644,Olenka Pell,Drama,Every Man for Himself (Slow Motion) (Sauve qui peut (la vie)),2.1
645,Whitney Glazier,Adventure|Children|Comedy|Fantasy|Sci-Fi,"Honey, I Shrunk the Kids",4.9
646,Aaren Ilson,Comedy,Sunes sommar,1.7
647,Alberik Deex,Drama,"Legend of Lizzie Borden, The",0.6
648,Wallas Targett,Documentary,"Autobiography of Nicolae Ceausescu, The (Autobiografia lui Nicolae Ceausescu)",3.3
649,Alina Breinl,Action|Adventure|Comedy|Drama|Thriller,"Hunting Party, The",1.1
650,Kristofor Beacock,Crime|Drama|Thriller,Day Night Day Night,3.0
651,Maureen Backshall,Drama,Chizuko's Younger Sister (Futari),1.1
652,Shanan Hansford,Drama|Romance|War,"Forty-first, The (Sorok pervyy)",3.3
653,Alexa Ilieve,Children|Drama,Lies My Father Told Me,3.6
654,Alastair Blitz,Comedy|Crime,Don't Be a Menace to South Central While Drinking Your Juice in the Hood,3.2
655,Amabel Reoch,Fantasy|Horror,"Devil's Nightmare, The (Plus longue nuit du diable, La)",4.5
656,Orbadiah Tingcomb,Drama,"Handful of Dust, A",0.1
657,Erica Pooke,Drama|Romance,None But the Lonely Heart,2.4
658,Erskine Kinforth,Comedy|Drama|Romance,When Ladies Meet,2.2
659,Glad Blindmann,Action|Thriller,Killer Elite,4.1
660,Bunny Muckersie,Romance|Sci-Fi,Four Sided Triangle,3.5
661,Randolf Bengough,Crime|Horror,"Hands of Orlac, The (Orlacs Hände)",0.1
662,Sabine Gemson,Action|Adventure|Sci-Fi,"20,000 Leagues Under the Sea",3.7
663,Wesley Botte,Drama,Chronicle of the Years of Fire (Chronique des années de braise),0.1
664,Gregoire Nickell,Action|Drama|Thriller,Assassination,1.2
665,Francis Di Roberto,Comedy|Drama|Romance,"Terminal, The",1.8
666,Shanie Alvey,Drama,Light Years Away,0.7
667,Zilvia Trobridge,Action|Drama|War,The Water Diviner,1.6
668,Isidoro Strowthers,Documentary|Musical,Monterey Pop,0.4
669,Giorgio Closs,Documentary,"Island President, The",1.9
670,Willem Bailess,Horror|Thriller,Cheerleader Massacre,2.9
671,Lloyd Oaker,Drama,Sunshine,0.5
672,Audrey Rysdale,Comedy,"Extraordinary Adventures of Mr. West in the Land of the Bolsheviks, The (Neobychainye priklyucheniya mistera Vesta v strane bolshevikov)",2.3
673,Lorinda Hartford,Comedy,Flodder 3,2.2
674,Vivyanne Quilligan,Adventure|Children,Casper,2.7
675,Estel Van Der Straaten,Drama,All the Way Home,2.2
676,Linnie Scranedge,Comedy|Romance,It Happened on Fifth Avenue,0.9
677,Katerina Jentges,Drama|Mystery,Before and After,1.9
678,Jobi Neising,Drama,"Comfort of Strangers, The",2.4
679,Alix Rouse,Action|Comedy|Crime|Thriller,"Protector, The (a.k.a. Warrior King) (Tom yum goong)",3.7
680,Abel Brafield,Comedy,I Don't Know How She Does It,1.6
681,Timothy Ryles,Comedy|Romance,Red Salute,0.1
682,Stevena Mulchrone,Adventure|Children|Comedy,101 Dalmatians,4.4
683,Alix Lemerie,Comedy,Barbershop 2: Back in Business,0.8
684,Olwen Gartin,Horror,Kronos (a.k.a. Captain Kronos: Vampire Hunter),0.8
685,Celesta McAnellye,Drama,Raging Bull,3.6
686,Maxi Stut,Action|Crime|Thriller,Natural Born Killers,2.5
687,Mychal Riall,Drama|Mystery|Thriller,"Prize, The",1.6
688,Olympe Tempest,Drama,"Shot at Glory, A",2.6
689,Thedrick Mitchelhill,Drama,Somersault,4.7
690,Bruce Lewsey,Children|Comedy|Drama,We Are the Best! (Vi är bäst!),1.6
691,Thekla Tozer,Drama,Sugar Hill,3.3
692,Brandais Battle,Adventure|Drama|IMAX,Apollo 13,1.7
693,Lorilyn Plewright,Action|Adventure|Sci-Fi|Thriller,Stealth,2.6
694,Vanessa Tabard,Drama,Liz & Dick ,4.2
695,Allys Slate,Drama|Romance,Samson and Delilah,0.4
696,Nathanial Klaaasen,Documentary,Metal: A Headbanger's Journey,3.6
697,Simone Dincey,Drama|War,Blood on the Sun,0.0
698,Correna Gottelier,Crime|Thriller,"Guns, Girls and Gambling",1.3
699,Tadd Landall,Adventure|Romance|War,Golden Earrings,1.1
700,Jarid Mott,Drama,"Silence, The (Tystnaden)",2.8
701,Kristyn Blunsen,Documentary,"Arbor, The",2.1
702,Wanda Padgham,Crime|Drama|Thriller,Deadfall,2.7
703,Llywellyn Conquer,Crime|Drama,B.U.S.T.E.D (Everybody Loves Sunshine) (Busted),0.7
704,Fedora Bourgour,Horror|Thriller,Sleep Tight (Mientras duermes),1.9
705,Hector Kezar,Documentary,Sex: The Annabel Chong Story,4.6
706,Nerita Wixey,Comedy|Drama,Zero Motivation (Efes beyahasei enosh),0.7
707,Damita Armand,Drama,"Black Orchid, The",1.5
708,Phylis Buzek,Drama,"Pursuit of Happiness, The",4.1
709,Danyelle Gorrick,Adventure|Horror|Romance|Sci-Fi,Island of Lost Souls,4.1
710,Aristotle Heliet,Comedy,Comic Book Villains,4.9
711,Halley Guillard,Drama,This Is England,4.6
712,Agnola Scurman,Crime|Mystery,Death on the Nile,3.9
713,Thaxter Blanning,Adventure|Western,Blueberry,3.4
714,Shannon Emanson,Documentary,"Elephant in the Living Room, The",3.2
715,Beniamino Ferandez,Drama,ATL,0.6
716,Zonda Decayette,War,Walter Defends Sarajevo (Valter brani Sarajevo),3.7
717,Moina Dugan,Documentary,Cowboy del Amor,4.6
718,Martie Gath,Drama,Greed,4.4
719,Otha Snowling,Comedy|Romance,Lucky 7,0.3
720,Davine Dike,Crime|Drama,No Man's Land,3.5
721,Diarmid Jobern,Comedy|Drama,In the Soup,4.4
722,Candida Endricci,Comedy|Drama|Romance,Shades of Ray,2.2
723,Michele Nutbeam,Comedy,"Pain in the Ass, A (L'emmerdeur)",0.8
724,Vasilis Drinkeld,Crime|Drama,"Child, The (L'enfant)",1.8
725,Prudi Boatwright,Adventure,Valley of Head Hunters,4.6
726,Rozamond Kettlestringe,Drama,Norma Jean & Marilyn,4.8
727,Nikolai McKnish,Documentary,Boxing Gym,3.9
728,Avie Jory,Drama|Romance,"Night in Heaven, A",1.0
729,Loralie Soles,Drama|Romance,Sandor slash Ida,2.6
730,Dianne Zannetti,Drama,Frisk,3.4
731,Lester Loughney,Drama|War,Anatahan,3.5
732,Andonis Hamner,Horror,Grave Secrets (Silent Screams),0.9
733,Cleavland Werendell,Drama,World Traveler,0.2
734,Zita Lagde,Romance|Western,"Lucky Texan, The",3.0
735,Valdemar Halewood,Adventure|Fantasy,Dragonworld,1.5
736,Riordan Belin,Action|Drama|Romance,Bellflower,2.4
737,Astrid Dradey,Documentary|War,"Nazis: A Warning from History, The",2.0
738,Jammal Moyser,Thriller,Torn Curtain,0.4
739,Arel Aspenlon,Crime|Drama|Film-Noir|Thriller,"Glass Agency, The (Ajans-E Shisheh-I)",3.5
740,Markus Assur,Documentary,Paragraph 175,2.4
741,Kerri Lynes,Drama|Romance,Emmanuelle,1.1
742,Freemon Stickens,Drama|Romance,Camila,0.3
743,Devondra Marmyon,Comedy|Drama,Criminal,3.6
744,D'arcy Powles,Drama|Romance,Ask the Dust,0.4
745,Abramo Lehrian,Action|Crime|Thriller,"Bourne Ultimatum, The",0.5
746,Torey Dahill,Comedy|Drama|War,"Captain Newman, M.D.",1.1
747,Theresa Clague,Adventure|Animation|Horror|Sci-Fi|Thriller,King of Thorn (King of Thorns) (Ibara no O),2.5
748,Eada Muckian,Drama,Seabiscuit,1.2
749,Taffy McKean,Comedy,Dreamboat,3.5
750,Gisela Rosenfield,Comedy|Drama,"Phantom of Liberty, The (Fantôme de la liberté, Le)",1.2
751,Kitty Crowdson,Action|Adventure|Comedy|Fantasy,Sex and Zen (Rou pu Tuan zhi tou Qing bao Jian),3.0
752,Dolley Bendan,Comedy|Drama,"First Beautiful Thing, The (La prima cosa bella)",4.3
753,Kaiser Fishbourne,Comedy,InAPPropriate Comedy,2.7
754,Rad McCahill,Action|Drama,Zatoichi and the Doomed Man (Zatôichi sakate giri) (Zatôichi 11),1.6
755,Idalina Blanning,Documentary,"Carter, The",0.6
756,Margot Johncey,Drama|Mystery|Thriller,Shutter Island,4.3
757,Frants Preator,Adventure|Drama|War,Destination Gobi,3.4
758,Cher Passingham,Comedy|Crime|Mystery|Thriller,Murder Over New York,3.1
759,Clemmy Scriven,Drama,Household Saints,2.9
760,Dominique Andress,Horror|Thriller,Dracula A.D. 1972,2.0
761,Flin Haddrill,Children|Fantasy|Horror|Romance,Beauty and the Beast,0.1
762,Aleksandr Fitzackerley,Drama|Romance|War,"Year of Living Dangerously, The",3.3
763,Marcile Flippini,Comedy|Drama,"Last Wedding, The (Kivenpyörittäjän kylä)",1.6
764,Roseann Monini,Animation|Children|Drama,Bambi 2,3.7
765,Nonnah Lesek,Drama|Western,Unforgiven,2.9
766,Shane McGrath,Comedy|Romance,"Flame of New Orleans, The",2.1
767,Kerby Dobrowski,Drama,"Far Side of the Moon, The (Face cachée de la lune, La)",0.4
768,Chrisy Gurry,Drama,My Sweet Pepper Land,4.1
769,Caroljean Ranscome,Adventure|Drama,Serrallonga,1.9
770,Horacio Sautter,Action|Comedy|Sci-Fi,Resurrection of the Little Match Girl (Sungnyangpali sonyeoui jaerim),1.9
771,Sarina Zannetti,Action,Death Warrant,3.0
772,Torrie Butchard,Action|Crime|Drama|Thriller,Kidnapping Mr. Heineken,2.7
773,Virgil Klemmt,Western,The Five Man Army,3.6
774,Madel Dyment,Comedy,Last Holiday,4.3
775,Silvio Greeson,Horror|Thriller,Vacancy,2.2
776,Tammie Butte,Comedy|Drama,Rio Sex Comedy,4.8
777,Cherish De Moreno,Drama,Gods and Monsters,1.5
778,Solomon Corcut,Drama,"Lovers, The (Les Amants)",4.3
779,Early Bonhan,Drama|Fantasy|Romance|Sci-Fi,Mr. Nobody,1.2
780,Giff Blackall,Crime|Mystery|Thriller,Sushi Girl,1.5
781,Corliss Vasnetsov,Drama,Broken Lullaby (a.k.a. The Man I Killed),4.6
782,Linc Allinson,Musical|Romance,Summer Holiday,0.5
783,Harlan O'Glassane,Documentary,How to Survive a Plague,3.1
784,Benedicta Bentame,Film-Noir|Romance|Thriller,Notorious,1.4
785,Celle Agent,Drama|Horror|Thriller,Contracted,3.4
786,Filmer Stamp,Horror|Thriller,Seconds Apart ,3.6
787,Miof mela Issacson,Documentary,Pictures of the Old World (Obrazy starého sveta),4.9
788,Stormi McChruiter,Drama|Mystery,"Castle, The (Das Schloß)",3.6
789,Ana Byrch,Drama|Romance,Stricken (Er komt een vrouw bij de dokter),1.8
790,Myriam Regus,Comedy|Crime,Two Kilers (Kilerów 2-óch),1.4
791,Missy Titmus,Drama|Horror,"Doctor and the Devils, The",3.1
792,Stuart Bensen,Drama|War,Three Came Home,4.9
793,Clementius Bleesing,Drama|Horror|Sci-Fi,"Cosmic Monster, The",4.5
794,Shannon Youell,Sci-Fi,Shepherd,1.9
795,Dallon Ollerhad,Comedy,Carmen Comes Home (Karumen kokyo ni kaeru),1.5
796,Tymothy Chillingworth,Comedy|War,Dr. Strangelove or: How I Learned to Stop Worrying and Love the Bomb,1.1
797,Merola Ajam,Comedy|Drama,Girl 6,4.7
798,Sky Pardy,Horror|Mystery|Thriller,Someone's Watching Me!,0.4
799,Tibold Gritskov,Comedy,Hollywood Shuffle,3.4
800,Berke Buten,Documentary,20 Feet from Stardom (Twenty Feet from Stardom),1.9
801,Sascha McCrann,Action|Adventure,"36th Chamber of Shaolin, The (Shao Lin san shi liu fang) (Master Killer)",0.4
802,Tonie Dawkins,Drama,Snow Falling on Cedars,0.7
803,Ronald Woodcock,Drama,Blood and Sand,2.7
804,Jeannette Tolussi,Comedy,Kevin & Perry Go Large,3.2
805,Saunder Garretson,Documentary,Deep Blue,1.9
806,Yank Nise,Adventure|Animation|Children|Drama,Tarzan,0.2
807,Lenka Kilner,Documentary,"Girl Next Door, The",4.2
808,Rorke Wemes,Crime|Western,"Great Train Robbery, The",2.5
809,Danica Blitz,Comedy,Held Up,2.7
810,Kip Gawkes,Drama,Portraits Chinois,0.6
811,Herc Soar,Adventure|Comedy,Epic Movie,4.1
812,Uri Gaskarth,Comedy|Crime,Dynamite Girl (Dynamiittityttö),1.0
813,Harmonie MacGillreich,Drama,Boy (Shônen),0.9
814,Chanda Kilius,Crime|Horror|Thriller,Deliver Us from Evil,0.6
815,Christan Snedker,Crime|Drama|Thriller,"Verlorene, Der (Lost One, The)",2.0
816,Byrann Fenelon,Documentary,"Zidane: A 21st Century Portrait (Zidane, un portrait du 21e siècle)",0.7
817,Maudie Keri,Documentary,"Eleventh Year, The (Odinnadtsatyy) ",3.1
818,Lek Custard,Drama,Powwow Highway,2.0
819,Nobe Yakobowitch,Crime|Drama|Thriller,Killing Zoe,4.2
820,Katerina Knightsbridge,Comedy|Drama,"What to Do in Case of Fire (Was tun, wenn's brennt?)",4.1
821,Mendel McGeffen,Documentary|Musical,Awesome; I Fuckin Shot That!,2.0
822,Hadria Gidney,Documentary,Val Lewton:  The Man in the Shadows,1.8
823,Rossie Ghiriardelli,Drama,Grace Is Gone,3.0
824,Abran Bullerwell,Documentary,No Impact Man: The Documentary,4.8
825,Imogene Rijkeseis,Comedy|Drama|Fantasy,"Tempest, The",2.9
826,Phoebe Benazet,Drama,Stopped on Track,0.2
827,Constantia Bortoloni,Comedy|Drama|Mystery|Thriller,Inseparable,3.2
828,Libbey Pierson,Comedy|Drama,My Piece of the Pie (Ma part du gâteau),0.8
829,Ellsworth Claworth,Action|Adventure|Sci-Fi|Thriller,Spider-Man,3.9
830,Willi Bohden,Musical,Narcissus,3.4
831,Andeee Exell,Comedy|Drama|Fantasy|Musical,O Lucky Man!,0.6
832,Hedi Rowbrey,Comedy,"Fly Away (Bis zum Horizont, dann links!)",4.7
833,Charin Halling,Drama|Fantasy|Romance,Bird People,3.6
834,Colas Michelin,Drama|War,Rosenstrasse,3.8
835,Anestassia Gooder,Comedy|Drama,"Bohemian Life, The (La vie de bohème)",4.2
836,Anjanette Massel,Drama,Friday Night (Vendredi Soir),1.0
837,Celinka Brammer,Drama|Sci-Fi,Extracted,0.7
838,Gardie Raffon,Drama,Our Life (La nostra vita),4.5
839,Agustin Offiler,(no genres listed),Nom de code : Rose,4.4
840,Felix Astill,Drama,Short Cuts,0.0
841,Fay Lesper,Adventure|Animation|Fantasy|Sci-Fi,Galaxy Express 999 (Ginga tetsudô Three-Nine),0.1
842,Zackariah Arbuckel,Comedy,Club Sandwich,0.2
843,Polly Georgievski,Comedy,On Earth as It Is in Heaven (Así en el cielo como en la tierra),3.5
844,Drugi Gomes,Comedy,Just One of the Guys,1.9
845,Guenevere Elstub,Comedy|Musical|Romance,Camp Rock,2.9
846,Clair Todarello,Drama|Romance,"Tuesday, After Christmas (Marti, dupa craciun)",2.6
847,Rurik Pankethman,Documentary|Drama|Musical,Sound of Redemption: The Frank Morgan Story,1.6
848,Yovonnda Boulde,Comedy|Drama|Musical,On the Road to Emmaus (Emmauksen tiellä),0.1
849,Doria Swift,Animation|Children|Comedy,George & A.J.,1.8
850,Kasper Pittock,Drama,Not Reconciled (Nicht versöhnt oder Es hilft nur Gewalt wo Gewalt herrscht),3.7
851,Odelle Catt,Western,Meek's Cutoff,0.6
852,Ev Thow,Comedy|Crime|Drama|Thriller,Beautiful Creatures,3.6
853,Shurlocke Gockelen,Drama|Horror,"Hand, The",4.0
854,Judy Leveridge,Action|Romance|Sci-Fi,Insurgent,3.1
855,Larissa Blanche,Comedy|Drama|Musical,"Commitments, The",0.6
856,Isadore Pargetter,Comedy|Romance,"Holiday, The",4.5
857,Farica Weston,Drama,"Piano Teacher, The (La pianiste)",4.6
858,Bobbie Aicken,Documentary|Musical,On the Rumba River (On the Rhumba River),3.5
859,Wilone Matsell,Drama|Romance,Take This Waltz,3.9
860,Stu Gaveltone,Film-Noir|Thriller,No habrá paz para los malvados,3.3
861,Juliane Dobbs,Drama,"Story of Ruth, The",3.3
862,Normand Ziems,Animation,Corto Maltese: Ballad of the Salt Sea (Corto Maltese - La ballade de la mer salée),3.0
863,Ivie Wevell,Drama,Our Fathers,2.2
864,Nan Rabat,Action|Comedy,Enter the Phoenix (Da lao ai mei li),3.1
865,Jaquelyn Wollaston,Comedy|Crime|Drama|Thriller,"Informant!, The",0.5
866,Rosalinde Longhorne,Western,Day of Anger (I giorni dell'ira),0.4
867,Theda Last,Documentary,Giger's Necronomicon,0.2
868,Tania Lett,Horror|Mystery|Thriller,"Night Walker, The",3.9
869,Grace Mutlow,Romance,"Kiss, The",2.8
870,Buckie Gentiry,Thriller,Stranger in the House,3.3
871,Budd Hannent,Action|Adventure|Drama|IMAX,"Mortal Instruments: City of Bones, The",2.5
872,Erastus Garett,Comedy|Crime|Mystery|Thriller,Charlie Chan in Shanghai,1.6
873,Benetta Lakey,Drama|Romance|Thriller|War,Glorious 39,3.8
874,Amalle Keeping,Drama|Romance|War,Waterloo Bridge,2.8
875,Gerrard Linning,Comedy|Drama,Viridiana,4.1
876,Helga O'Dennehy,Animation|Fantasy|Sci-Fi|Thriller,Memories (Memorîzu),4.9
877,Annabelle Scarsbrook,Drama,Central Station (Central do Brasil),1.1
878,Gothart Habbes,Comedy|Sci-Fi,Mystery Science Theater 3000: The Movie,3.3
879,Obed Baudy,Drama|Romance,Intermezzo,0.6
880,Catlee Briereton,Crime|Drama|Thriller,Judas Kiss,4.1
881,Bess Fitzsimon,Crime|Drama|Film-Noir,Detective Story,1.1
882,Birch Lehr,Drama,"Time for Drunken Horses, A (Zamani barayé masti asbha)",1.1
883,Nydia Carleman,Drama|Romance,Honeysuckle Rose (a.k.a. On the Road Again),1.9
884,Gard Purcell,Crime|Drama|Romance,Slumdog Millionaire,4.8
885,Karlen Flude,Action|Comedy,Loaded Weapon 1 (National Lampoon's Loaded Weapon 1),1.4
886,Claribel Jindrak,Comedy,Jönssonligan får guldfeber,3.1
887,Rufe Geater,Drama|Romance,Moonlight Mile,3.7
888,Katrine Dory,Action,Rapid Fire,2.5
889,Nady Lamprey,Adventure|Drama|War,Destroyer,3.7
890,Mickey Ruegg,Comedy|Drama,Sasha (Sascha),0.9
891,Gilbertina Heliet,Comedy|Romance,My Favorite Wife,0.1
892,Petr Saller,Documentary|Drama,Titicut Follies,3.2
893,Byran Govern,Adventure,Prince Valiant,1.6
894,Ignazio Espinal,Crime|Drama|Thriller,Cassandra's Dream,3.2
895,Claribel McCarl,Documentary,Weight of the Nation,2.0
896,Aeriell Dorian,Horror|Sci-Fi,"Invisible Man, The",0.9
897,Erna Sokill,Horror|Sci-Fi,"Ape, The",3.1
898,Robb Capeling,Adventure|Animation|Fantasy,Oblivion Island: Haruka and the Magic Mirror (Hottarake no shima - Haruka to maho no kagami),5.0
899,Marion Eusden,Action|Drama|Thriller,Big Game,2.8
900,Irvin Densie,Comedy|Western,"Companeros (Vamos a matar, compañeros)",0.1
901,Foss O'Concannon,Drama,"Book of Stars, The",4.2
902,Charlean Arkin,Children|Comedy,Opposite Day,4.8
903,Karna Viste,Horror|Thriller,"Last Horror Movie, The",2.9
904,Field Keen,Horror|Sci-Fi,King Cobra,1.7
905,Stern Pizzie,Drama|Sci-Fi|Thriller,Pi,1.7
906,Elie Orgel,Drama,"11'09""01 - September 11",0.0
907,Vonni Fedorski,Crime|Drama|Thriller,MR 73 (a.k.a. The Last Deadly Mission),1.9
908,Rowney Layborn,Documentary,66 Scenes From America,3.1
909,Bobette Mabe,Crime|Drama,Chapter 27,0.2
910,Annadiane Marcinkowski,Comedy|War,Two Men Went to War,2.4
911,Jarrid McCloughlin,Western,"Duel at Silver Creek, The",1.8
912,Dame Brent,Action|Mystery|Sci-Fi,"Raiders of Atlantis, The",1.7
913,Forbes Ketts,Drama|Film-Noir|Thriller,Act of Violence,1.0
914,Hallie Coppins,Drama|War,"Little Soldier, The (Petit soldat, Le)",3.0
915,Kip Corde,Documentary|Musical,No Nukes,4.0
916,Mohandis Blowfield,Action|Comedy|Crime,Nicht mein Tag,2.5
917,Nicolle Mossop,Documentary,9to5: Days in Porn (a.k.a. 9 to 5: Days in Porn),1.1
918,Eduardo Woolford,Comedy|Drama,"Monkey in Winter, A (Un singe en hiver)",4.7
919,Chrysa Croisier,Crime|Drama,Angel on My Shoulder,4.6
920,Elicia Vautre,Horror|Mystery|Sci-Fi,Alien Abduction,3.4
921,Gottfried Bernardotti,Comedy|Fantasy|Romance,Penelope,2.7
922,Jasmin McClaughlin,Comedy|Drama|Horror|Sci-Fi,Doomsday Book,1.8
923,Quinlan Aylin,Comedy|Drama,The... Beautiful Country,2.3
924,Filmore Ismay,Animation|Children|Musical,Gay Purr-ee,2.4
925,Demetre Marjanski,Drama|Romance,Kiss Me (Kyss Mig),1.4
926,Brodie Gann,Action|Comedy|Drama|Western,Gunless,3.7
927,Avery Tidmas,Drama,Tyler Perry's For Colored Girls,0.3
928,Jorry Aisman,Comedy,High Spirits,3.7
929,Georgi Clements,Drama,Seabiscuit,5.0
930,Fielding Lumsdale,Comedy|Drama,Ursul,1.7
931,Julissa Giorgio,Comedy|Romance,Blind Dating,3.2
932,Nelle Tregaskis,Horror|Mystery|Thriller,"Midnight Meat Train, The",2.7
933,Demetris Pakes,Adventure|Animation,"Mysterious Geographic Explorations of Jasper Morello, The",0.3
934,Danice Fettiplace,Drama,Family Secrets (Familjehemligheter),2.9
935,Hastie Borth,Documentary,Get Thrashed: The Story of Thrash Metal,1.2
936,Erma Dielhenn,Action|Adventure|Fantasy,Supergirl,0.4
937,Meriel Collard,Drama,"Taking of Power by Louis XIV, The (Prise de pouvoir par Louis XIV, La)",1.0
938,Theressa Sang,Documentary,12th & Delaware,3.6
939,Kata Plumer,Comedy|Romance,Get Over It,2.8
940,Marilyn Yablsley,Drama,"End of the Affair, The",4.5
941,Waylin Tosh,Drama|Mystery,"White Ribbon, The (Das weiße Band)",0.9
942,Chicky Meakin,Adventure|Comedy|Sci-Fi,Man with the Screaming Brain,3.8
943,Stella Bycraft,Comedy|Drama,"Farewell, Home Sweet Home (Adieu, plancher des vaches!)",3.3
944,Inge Martensen,Drama|Romance|War,Senso,3.1
945,Iona Marfield,Drama|Fantasy|Sci-Fi,"Philosophers, The (After The Dark)",3.9
946,Maddalena Dispencer,Horror,Blood Creek (a.k.a. Town Creek),4.0
947,Grace Auckland,Action|Adventure,Hercules,4.0
948,Wilt Ascough,Musical,"Jolson Story, The",4.6
949,Katharyn Chellenham,Documentary,We Steal Secrets: The Story of WikiLeaks,5.0
950,Cherrita Geeves,Adventure|Fantasy|Horror,Innocence,2.2
951,Ollie Flanner,Documentary,12 O'Clock Boys,0.6
952,Salem Crombie,Drama|Mystery|Thriller,Non-Stop,4.2
953,Terrance Brookz,Action|Adventure|Drama,"Spiders, Part 2: The Diamond Ship, The (Die Spinnen, 2. Teil - Das Brillantenschiff)",0.2
954,Harrietta Critchley,Drama,Djomeh,2.9
955,Cyrus Fairbrace,Drama,"Clay Bird, The (Matir moina)",0.8
956,Ivie Gallie,Drama,Like Someone In Love,4.7
957,Hadleigh Weald,Drama|Romance,"H.M. Pulham, Esq.",2.9
958,Raffaello Lemonby,Drama|Romance,Turkish Delight (Turks fruit),0.3
959,Ellwood Crispe,Drama,"America, America",0.9
960,Aylmar Vynoll,Comedy|Drama|Romance,"April Fools, The",1.9
961,Rahal De La Haye,Drama|Film-Noir|War,Journey Into Fear,3.6
962,Kellia Whitbread,Drama|Romance,If These Walls Could Talk 2,2.4
963,Helen Sloan,Mystery|Thriller,Footprints on the Moon (Le orme) (Primal Impulse),1.6
964,Shirlee Fochs,Crime|Drama|Film-Noir,"Grifters, The",4.2
965,Bernette Saleway,Comedy|Drama,Alive and Ticking (Ein Tick anders),3.1
966,Cathlene Denecamp,Drama,Close-Up (Nema-ye Nazdik),1.8
967,Forest Duny,Comedy|Musical|Romance,Neptune's Daughter,0.4
968,Herby Self,Comedy,Tyler Perry's Madea's Witness Protection,1.1
969,Noel Prugel,Adventure,The Nautical Chart,3.7
970,Cristine Seamark,Crime|Drama|Mystery|Romance|Thriller,Palmetto,4.8
971,Cordey Braybrook,Comedy,Not Cool,0.2
972,Roxanna Belchamber,(no genres listed),Trails (Veredas),4.7
973,Farleigh Gibling,Drama|War,Tobruk,1.9
974,Randie Clevely,Documentary,"I Am My Films - A Portrait of Werner Herzog (Was ich bin, sind meine Filme)",3.9
975,Raquel Fladgate,Action|Drama|War,"Heroes of Telemark, The ",4.5
976,Clemmie Yegorchenkov,Adventure|Crime|Drama|Western,"Black God, White Devil (Deus e o Diabo na Terra do Sol)",4.5
977,Dolph Heasley,Drama|Horror|Thriller,The Returned,2.8
978,Erasmus Drysdale,Comedy,Tammy,0.1
979,Culley Deakin,Comedy|Romance,Just a Little Harmless Sex,2.5
980,Putnem Zannotelli,Crime|Drama,Gran Torino,4.0
981,Antone Winnett,Drama|Thriller,Gone Girl,2.8
982,Reinhard Dunphie,Drama,Yol (a.k.a. The Way),3.9
983,Bendite Commuzzo,Action|Drama|War,"Dawn Patrol, The (Flight Commander)",3.9
984,Gilburt Vaudre,Adventure|Comedy|Drama,Transamerica,1.1
985,Llywellyn Aldhouse,Animation|Comedy,Gone Nutty,1.5
986,Che Haines,Sci-Fi,Zodiac,0.3
987,Codie Wallentin,Documentary,Machete Maidens Unleashed!,4.8
988,Jerome Bruhnicke,Adventure|Children,Fly Away Home,0.1
989,Gerard Pahlsson,Drama|Romance|Thriller,Separate Lies,1.6
990,Nicola Halloran,Drama,"Runner, The (Davandeh)",4.1
991,Roland Bremond,Drama|Horror,Exit Humanity,0.2
992,Aguistin Hazelton,Drama|Musical|Thriller,"Page Turner, The (Tourneuse de pages, La)",3.4
993,Ashil Sprowles,Action|Drama,Lone Wolf and Cub: Baby Cart to Hades (Kozure Ôkami: Shinikazeni mukau ubaguruma),2.3
994,Calypso Slessor,Action|Drama|Thriller,"Wednesday!, A",3.3
995,Wynnie Dieton,Comedy|Documentary,American: The Bill Hicks Story,3.5
996,Petronille Leask,Comedy|Crime,"Pink Panther Strikes Again, The",3.8
997,Allsun Laundon,Drama,River of Grass,1.1
998,Margalit Vaud,Action|Drama,Sirocco,3.0
999,Shanta Galvan,Documentary,"Ambassador, The (Ambassadøren)",3.5
1000,Tait Alderman,Drama,Eva (a.k.a. Eve),1.6
